{
    "modifier.superspeed.sprint.quicksilver_xmen": {
      "category": "player",
      "sounds": [
        "suit/super_speed/sprint_quicksilver_xmen"
      ]
    },
    "modifier.superspeed.sweet_dreams.quicksilver_xmen": {
      "category": "player",
      "sounds": [
        "suit/super_speed/sweet_dreams_quicksilver_xmen"
      ]
    },
    "suit.cyclops_xmen.optic_blast.start": {
      "category": "player",
      "sounds": [
        "suit/cyclops_xmen/optic_blast_start"
      ]
    },
    "suit.kang_the_conqueror.mask_toggle": {
      "category": "player",
      "sounds": [
        "suit/kang_the_conqueror/mask_toggle"
      ]
    },
    "suit.kang_the_conqueror.platform.summon": {
      "category": "player",
      "sounds": [
        "suit/kang_the_conqueror/platform_summon"
      ]
    },
    "suit.kang_the_conqueror.platform.unsummon": {
      "category": "player",
      "sounds": [
        "suit/kang_the_conqueror/platform_unsummon"
      ]
    },
    "suit.kang_the_conqueror.platform.loop": {
      "category": "player",
      "sounds": [
        "suit/kang_the_conqueror/platform_loop"
      ]
    },
    "suit.kang_the_conqueror.telekinesis.grab": {
      "category": "player",
      "sounds": [
        "suit/kang_the_conqueror/telekinesis_grab"
      ]
    },
    "suit.wolverine_xmen.claws.enable": {
      "category": "player",
      "sounds": [
        "suit/wolverine_xmen/claws_enable"
      ]
    },
    "suit.wolverine_xmen.claws.disable": {
      "category": "player",
      "sounds": [
        "suit/wolverine_xmen/claws_disable"
      ]
    },
    "suit.namor.wings.flight_loop": {
      "category": "player",
      "sounds": [
        "suit/namor_wings_flight_loop"
      ]
    },
    "suit.black_panther.nanites.enable": {
      "category": "player",
      "sounds": [
        "suit/black_panther/nanites_enable"
      ]
    },
    "suit.black_panther.nanites.disable": {
      "category": "player",
      "sounds": [
        "suit/black_panther/nanites_disable"
      ]
    },
    "suit.black_panther.kinetic_energy_pulse": {
      "category": "player",
      "sounds": [
        "suit/black_panther/kinetic_energy_pulse"
      ]
    },
    "suit.black_widow.grapple_shoot": {
      "category": "player",
      "sounds": [
        "suit/black_widow/grapple_shoot"
      ]
    },
    "suit.ground_hit": {
      "category": "player",
      "sounds": [
        "suit/ground_hit"
      ]
    },
    "suit.silver_surfer_fantastic4.intangibility.enable": {
      "category": "player",
      "sounds": [
        "suit/silver_surfer_fantastic4/intangibility_enable"
      ]
    },
    "suit.silver_surfer_fantastic4.intangibility.disable": {
      "category": "player",
      "sounds": [
        "suit/silver_surfer_fantastic4/intangibility_disable"
      ]
    },
    "weapon.glock_26.shoot": {
      "category": "player",
      "sounds": [
        "weapon/glock_26/shoot"
      ]
    }
}