{
    "modifier.superspeed.sprint.quicksilver_xmen": {
      "category": "player",
      "sounds": [
        "suit/super_speed/sprint_quicksilver_xmen"
      ]
    },
    "modifier.superspeed.sweet_dreams.quicksilver_xmen": {
      "category": "player",
      "sounds": [
        "suit/super_speed/sweet_dreams_quicksilver_xmen"
      ]
    },
    "suit.cyclops_xmen.optic_blast.start": {
      "category": "player",
      "sounds": [
        "suit/cyclops_xmen/optic_blast_start"
      ]
    },
    "suit.kang_the_conqueror.mask_open": {
      "category": "player",
      "sounds": [
        "suit/kang_the_conqueror/mask_open"
      ]
    },
    "suit.kang_the_conqueror.mask_close": {
      "category": "player",
      "sounds": [
        "suit/kang_the_conqueror/mask_close"
      ]
    },
    "suit.wolverine_xmen.claws.enable": {
      "category": "player",
      "sounds": [
        "suit/wolverine_xmen/claws_enable"
      ]
    },
    "suit.wolverine_xmen.claws.disable": {
      "category": "player",
      "sounds": [
        "suit/wolverine_xmen/claws_disable"
      ]
    },
    "suit.namor.wings.flight_loop": {
      "category": "player",
      "sounds": [
        "suit/namor_wings_flight_loop"
      ]
    },
    "suit.black_panther.nanites.enable": {
      "category": "player",
      "sounds": [
        "suit/black_panther/nanites_enable"
      ]
    },
    "suit.black_panther.nanites.disable": {
      "category": "player",
      "sounds": [
        "suit/black_panther/nanites_disable"
      ]
    },
    "suit.black_panther.kinetic_energy_pulse": {
      "category": "player",
      "sounds": [
        "suit/black_panther/kinetic_energy_pulse"
      ]
    },
    "weapon.glock_26.shoot": {
      "category": "player",
      "sounds": [
        "weapon/glock_26/shoot"
      ]
    }
}