{
    "modifier.superspeed.sprint.quicksilver_xmen": {
      "category": "player",
      "sounds": [
        "suit/super_speed/sprint_quicksilver_xmen"
      ]
    },
    "modifier.superspeed.sweet_dreams.quicksilver_xmen": {
      "category": "player",
      "sounds": [
        "suit/super_speed/sweet_dreams_quicksilver_xmen"
      ]
    },
    "suit.cyclops_xmen.optic_blast.start": {
      "category": "player",
      "sounds": [
        "suit/cyclops_xmen/optic_blast_start"
      ]
    },
    "suit.kang_the_conqueror.mask.enable": {
      "category": "player",
      "sounds": [
        "suit/kang_the_conqueror/mask_enable"
      ]
    },
    "suit.kang_the_conqueror.mask.disable": {
      "category": "player",
      "sounds": [
        "suit/kang_the_conqueror/mask_disable"
      ]
    },
    "suit.kang_the_conqueror.platform.summon": {
      "category": "player",
      "sounds": [
        "suit/kang_the_conqueror/platform_summon"
      ]
    },
    "suit.kang_the_conqueror.platform.unsummon": {
      "category": "player",
      "sounds": [
        "suit/kang_the_conqueror/platform_unsummon"
      ]
    },
    "suit.kang_the_conqueror.platform.loop": {
      "category": "player",
      "sounds": [
        "suit/kang_the_conqueror/platform_loop"
      ]
    },
    "suit.kang_the_conqueror.energy_proj.charge": {
      "category": "player",
      "sounds": [
        "suit/kang_the_conqueror/energy_proj_charge"
      ]
    },
    "suit.kang_the_conqueror.energy_proj.ambient": {
      "category": "player",
      "sounds": [
        "suit/kang_the_conqueror/energy_proj_ambient"
      ]
    },
    "suit.kang_the_conqueror.energy_proj.blast": {
      "category": "player",
      "sounds": [
        "suit/kang_the_conqueror/energy_proj_blast"
      ]
    },
    "suit.kang_the_conqueror.energy_proj.shoot": {
      "category": "player",
      "sounds": [
        "suit/kang_the_conqueror/energy_proj_shoot"
      ]
    },
    "suit.kang_the_conqueror.energy_proj.loop": {
      "category": "player",
      "sounds": [
        "suit/kang_the_conqueror/energy_proj_loop"
      ]
    },
    "suit.kang_the_conqueror.energy_proj.stop": {
      "category": "player",
      "sounds": [
        "suit/kang_the_conqueror/energy_proj_stop"
      ]
    },
    "suit.kang_the_conqueror.telekinesis.grab": {
      "category": "player",
      "sounds": [
        "suit/kang_the_conqueror/telekinesis_grab"
      ]
    },
    "suit.kang_the_conqueror.telekinesis.loop": {
      "category": "player",
      "sounds": [
        "suit/kang_the_conqueror/telekinesis_loop"
      ]
    },
    "suit.kang_the_conqueror.teleport": {
      "category": "player",
      "sounds": [
        "suit/kang_the_conqueror/teleport"
      ]
    },
    "suit.kang_the_conqueror.landing": {
      "category": "player",
      "sounds": [
        "suit/kang_the_conqueror/landing"
      ]
    },
    "suit.wolverine_xmen.claws.enable": {
      "category": "player",
      "sounds": [
        "suit/wolverine_xmen/claws_enable"
      ]
    },
    "suit.wolverine_xmen.claws.disable": {
      "category": "player",
      "sounds": [
        "suit/wolverine_xmen/claws_disable"
      ]
    },
    "suit.namor.wings.flight_loop": {
      "category": "player",
      "sounds": [
        "suit/namor_wings_flight_loop"
      ]
    },
    "suit.black_panther.nanites.enable": {
      "category": "player",
      "sounds": [
        "suit/black_panther/nanites_enable"
      ]
    },
    "suit.black_panther.nanites.disable": {
      "category": "player",
      "sounds": [
        "suit/black_panther/nanites_disable"
      ]
    },
    "suit.black_panther.kinetic_energy_pulse": {
      "category": "player",
      "sounds": [
        "suit/black_panther/kinetic_energy_pulse"
      ]
    },
    "suit.black_widow.grapple.shoot": {
      "category": "player",
      "sounds": [
        "suit/black_widow/grapple_shoot"
      ]
    },
    "suit.black_widow.bite.enable": {
      "category": "player",
      "sounds": [
        "suit/black_widow/bite_enable"
      ]
    },
    "suit.black_widow.bite.shoot": {
      "category": "player",
      "sounds": [
        "suit/black_widow/bite_shoot"
      ]
    },
    "suit.silver_surfer_fantastic4.surfboard.summon": {
      "category": "player",
      "sounds": [
        "suit/silver_surfer_fantastic4/surfboard_summon"
      ]
    },
    "suit.silver_surfer_fantastic4.surfboard.unsummon": {
      "category": "player",
      "sounds": [
        "suit/silver_surfer_fantastic4/surfboard_unsummon"
      ]
    },
    "suit.silver_surfer_fantastic4.surfboard.loop": {
      "category": "player",
      "sounds": [
        "suit/silver_surfer_fantastic4/surfboard_loop"
      ]
    },
    "suit.silver_surfer_fantastic4.intangibility.enable": {
      "category": "player",
      "sounds": [
        "suit/silver_surfer_fantastic4/intangibility_enable"
      ]
    },
    "suit.silver_surfer_fantastic4.intangibility.disable": {
      "category": "player",
      "sounds": [
        "suit/silver_surfer_fantastic4/intangibility_disable"
      ]
    },
    "suit.concrete_smash": {
      "category": "player",
      "sounds": [
        "suit/concrete_smash"
      ]
    },
    "weapon.glock_26.shoot": {
      "category": "player",
      "sounds": [
        "weapon/glock_26/shoot"
      ]
    },
    "suit.thor.lightning_transformation": {
      "category": "player",
      "sounds": [
        "suit/thor/lightning_transformation"
      ]
    },
    "suit.thor.mjolnir.landing": {
      "category": "player",
      "sounds": [
        "suit/thor/mjolnir/landing"
      ]
    },
    "suit.thor.mjolnir.hit_1": {
      "category": "player",
      "sounds": [
        "suit/thor/mjolnir/hit_1"
      ]
    },
    "suit.thor.mjolnir.hit_2": {
      "category": "player",
      "sounds": [
        "suit/thor/mjolnir/hit_2"
      ]
    },
    "suit.thor.mjolnir.hit_3": {
      "category": "player",
      "sounds": [
        "suit/thor/mjolnir/hit_3"
      ]
    },
    "suit.thor.mjolnir.hit_4": {
      "category": "player",
      "sounds": [
        "suit/thor/mjolnir/hit_4"
      ]
    },
    "suit.thor.mjolnir.hit_5": {
      "category": "player",
      "sounds": [
        "suit/thor/mjolnir/hit_5"
      ]
    },
    "suit.thor.mjolnir.lightning.hit_1": {
      "category": "player",
      "sounds": [
        "suit/thor/mjolnir/lightning/hit_1"
      ]
    },
    "suit.thor.mjolnir.lightning.hit_2": {
      "category": "player",
      "sounds": [
        "suit/thor/mjolnir/lightning/hit_2"
      ]
    },
    "suit.thor.mjolnir.lightning.hit_3": {
      "category": "player",
      "sounds": [
        "suit/thor/mjolnir/lightning/hit_3"
      ]
    },
    "suit.thor.mjolnir.lightning.hit_4": {
      "category": "player",
      "sounds": [
        "suit/thor/mjolnir/lightning/hit_4"
      ]
    },
    "suit.thor.mjolnir.lightning.lightning_shoot": {
      "category": "player",
      "sounds": [
        "suit/thor/mjolnir/lightning/lightning_shoot"
      ]
    }
}